INSERT INTO genders (id, name) VALUES
(0, 'FEMALE'),
(1, 'MALE');

INSERT INTO product_types (id, name) VALUES
('550e8400-e29b-41d4-a716-446655440100', 'Term Life'),
('550e8400-e29b-41d4-a716-446655440101', 'Whole Life'),
('550e8400-e29b-41d4-a716-446655440102', 'Unit Link'),
('550e8400-e29b-41d4-a716-446655440103', 'Endowment');

INSERT INTO products (id, code, name, product_type_id, is_active) VALUES
('550e8400-e29b-41d4-a716-446655440001', 'TL1', 'Term Life Protection First', '550e8400-e29b-41d4-a716-446655440100', true),
('550e8400-e29b-41d4-a716-446655440002', 'TL2', 'Term Life Protection Ultimate', '550e8400-e29b-41d4-a716-446655440100', true),
('550e8400-e29b-41d4-a716-446655440003', 'WL1', 'Whole Life Legacy First', '550e8400-e29b-41d4-a716-446655440101', true),
('550e8400-e29b-41d4-a716-446655440004', 'WL2', 'Whole Life Ultimate', '550e8400-e29b-41d4-a716-446655440101', true),
('550e8400-e29b-41d4-a716-446655440005', 'UL1', 'Unitlink Invest First', '550e8400-e29b-41d4-a716-446655440102', true),
('550e8400-e29b-41d4-a716-446655440006', 'EN1', 'Endowment Education First', '550e8400-e29b-41d4-a716-446655440103', true);

INSERT INTO product_rates (id, product_id, age, gender, rate, is_active) VALUES
(gen_random_uuid(), '550e8400-e29b-41d4-a716-446655440001', 18, 1, 1.20, true),
(gen_random_uuid(), '550e8400-e29b-41d4-a716-446655440001', 19, 1, 1.25, true),
(gen_random_uuid(), '550e8400-e29b-41d4-a716-446655440001', 20, 1, 1.30, true),
(gen_random_uuid(), '550e8400-e29b-41d4-a716-446655440001', 21, 1, 1.32, true),
(gen_random_uuid(), '550e8400-e29b-41d4-a716-446655440001', 22, 1, 1.35, true),
(gen_random_uuid(), '550e8400-e29b-41d4-a716-446655440001', 23, 1, 1.38, true),
(gen_random_uuid(), '550e8400-e29b-41d4-a716-446655440001', 24, 1, 1.40, true),
(gen_random_uuid(), '550e8400-e29b-41d4-a716-446655440001', 25, 1, 1.45, true),
(gen_random_uuid(), '550e8400-e29b-41d4-a716-446655440001', 26, 1, 1.50, true),
(gen_random_uuid(), '550e8400-e29b-41d4-a716-446655440001', 27, 1, 1.55, true),
(gen_random_uuid(), '550e8400-e29b-41d4-a716-446655440001', 28, 1, 1.60, true),
(gen_random_uuid(), '550e8400-e29b-41d4-a716-446655440001', 29, 1, 1.65, true),
(gen_random_uuid(), '550e8400-e29b-41d4-a716-446655440001', 30, 1, 1.85, true),
(gen_random_uuid(), '550e8400-e29b-41d4-a716-446655440001', 31, 1, 2.00, true),
(gen_random_uuid(), '550e8400-e29b-41d4-a716-446655440001', 32, 1, 2.15, true),
(gen_random_uuid(), '550e8400-e29b-41d4-a716-446655440001', 33, 1, 2.30, true),
(gen_random_uuid(), '550e8400-e29b-41d4-a716-446655440001', 34, 1, 2.40, true),
(gen_random_uuid(), '550e8400-e29b-41d4-a716-446655440001', 35, 1, 2.50, true),
(gen_random_uuid(), '550e8400-e29b-41d4-a716-446655440001', 36, 1, 2.70, true),
(gen_random_uuid(), '550e8400-e29b-41d4-a716-446655440001', 37, 1, 2.85, true),
(gen_random_uuid(), '550e8400-e29b-41d4-a716-446655440001', 38, 1, 3.00, true),
(gen_random_uuid(), '550e8400-e29b-41d4-a716-446655440001', 39, 1, 3.35, true),
(gen_random_uuid(), '550e8400-e29b-41d4-a716-446655440001', 40, 1, 3.75, true),
(gen_random_uuid(), '550e8400-e29b-41d4-a716-446655440001', 41, 1, 4.20, true),
(gen_random_uuid(), '550e8400-e29b-41d4-a716-446655440001', 42, 1, 4.60, true),
(gen_random_uuid(), '550e8400-e29b-41d4-a716-446655440001', 43, 1, 5.00, true),
(gen_random_uuid(), '550e8400-e29b-41d4-a716-446655440001', 44, 1, 5.40, true),
(gen_random_uuid(), '550e8400-e29b-41d4-a716-446655440001', 45, 1, 5.80, true),
(gen_random_uuid(), '550e8400-e29b-41d4-a716-446655440001', 46, 1, 6.50, true),
(gen_random_uuid(), '550e8400-e29b-41d4-a716-446655440001', 47, 1, 7.20, true),
(gen_random_uuid(), '550e8400-e29b-41d4-a716-446655440001', 48, 1, 8.00, true),
(gen_random_uuid(), '550e8400-e29b-41d4-a716-446655440001', 49, 1, 8.60, true),
(gen_random_uuid(), '550e8400-e29b-41d4-a716-446655440001', 50, 1, 9.20, true),
(gen_random_uuid(), '550e8400-e29b-41d4-a716-446655440001', 51, 1, 10.20, true),
(gen_random_uuid(), '550e8400-e29b-41d4-a716-446655440001', 52, 1, 11.20, true),
(gen_random_uuid(), '550e8400-e29b-41d4-a716-446655440001', 53, 1, 12.40, true),
(gen_random_uuid(), '550e8400-e29b-41d4-a716-446655440001', 54, 1, 13.80, true),
(gen_random_uuid(), '550e8400-e29b-41d4-a716-446655440001', 55, 1, 15.50, true),
(gen_random_uuid(), '550e8400-e29b-41d4-a716-446655440001', 56, 1, 17.50, true),
(gen_random_uuid(), '550e8400-e29b-41d4-a716-446655440001', 57, 1, 20.00, true),
(gen_random_uuid(), '550e8400-e29b-41d4-a716-446655440001', 58, 1, 23.00, true),
(gen_random_uuid(), '550e8400-e29b-41d4-a716-446655440001', 59, 1, 26.50, true),
(gen_random_uuid(), '550e8400-e29b-41d4-a716-446655440001', 60, 1, 30.00, true);

INSERT INTO product_rates (id, product_id, age, gender, rate, is_active) VALUES
(gen_random_uuid(), '550e8400-e29b-41d4-a716-446655440001', 18, 0, 0.95, true),
(gen_random_uuid(), '550e8400-e29b-41d4-a716-446655440001', 19, 0, 0.98, true),
(gen_random_uuid(), '550e8400-e29b-41d4-a716-446655440001', 20, 0, 1.00, true),
(gen_random_uuid(), '550e8400-e29b-41d4-a716-446655440001', 21, 0, 1.02, true),
(gen_random_uuid(), '550e8400-e29b-41d4-a716-446655440001', 22, 0, 1.05, true),
(gen_random_uuid(), '550e8400-e29b-41d4-a716-446655440001', 23, 0, 1.08, true),
(gen_random_uuid(), '550e8400-e29b-41d4-a716-446655440001', 24, 0, 1.10, true),
(gen_random_uuid(), '550e8400-e29b-41d4-a716-446655440001', 25, 0, 1.15, true),
(gen_random_uuid(), '550e8400-e29b-41d4-a716-446655440001', 26, 0, 1.18, true),
(gen_random_uuid(), '550e8400-e29b-41d4-a716-446655440001', 27, 0, 1.22, true),
(gen_random_uuid(), '550e8400-e29b-41d4-a716-446655440001', 28, 0, 1.26, true),
(gen_random_uuid(), '550e8400-e29b-41d4-a716-446655440001', 29, 0, 1.30, true),
(gen_random_uuid(), '550e8400-e29b-41d4-a716-446655440001', 30, 0, 1.45, true),
(gen_random_uuid(), '550e8400-e29b-41d4-a716-446655440001', 31, 0, 1.58, true),
(gen_random_uuid(), '550e8400-e29b-41d4-a716-446655440001', 32, 0, 1.70, true),
(gen_random_uuid(), '550e8400-e29b-41d4-a716-446655440001', 33, 0, 1.82, true),
(gen_random_uuid(), '550e8400-e29b-41d4-a716-446655440001', 34, 0, 1.90, true),
(gen_random_uuid(), '550e8400-e29b-41d4-a716-446655440001', 35, 0, 1.98, true),
(gen_random_uuid(), '550e8400-e29b-41d4-a716-446655440001', 36, 0, 2.15, true),
(gen_random_uuid(), '550e8400-e29b-41d4-a716-446655440001', 37, 0, 2.28, true),
(gen_random_uuid(), '550e8400-e29b-41d4-a716-446655440001', 38, 0, 2.40, true),
(gen_random_uuid(), '550e8400-e29b-41d4-a716-446655440001', 39, 0, 2.65, true),
(gen_random_uuid(), '550e8400-e29b-41d4-a716-446655440001', 40, 0, 2.90, true),
(gen_random_uuid(), '550e8400-e29b-41d4-a716-446655440001', 41, 0, 3.20, true),
(gen_random_uuid(), '550e8400-e29b-41d4-a716-446655440001', 42, 0, 3.50, true),
(gen_random_uuid(), '550e8400-e29b-41d4-a716-446655440001', 43, 0, 3.80, true),
(gen_random_uuid(), '550e8400-e29b-41d4-a716-446655440001', 44, 0, 4.10, true),
(gen_random_uuid(), '550e8400-e29b-41d4-a716-446655440001', 45, 0, 4.35, true),
(gen_random_uuid(), '550e8400-e29b-41d4-a716-446655440001', 46, 0, 4.85, true),
(gen_random_uuid(), '550e8400-e29b-41d4-a716-446655440001', 47, 0, 5.40, true),
(gen_random_uuid(), '550e8400-e29b-41d4-a716-446655440001', 48, 0, 6.00, true),
(gen_random_uuid(), '550e8400-e29b-41d4-a716-446655440001', 49, 0, 6.40, true),
(gen_random_uuid(), '550e8400-e29b-41d4-a716-446655440001', 50, 0, 6.80, true),
(gen_random_uuid(), '550e8400-e29b-41d4-a716-446655440001', 51, 0, 7.60, true),
(gen_random_uuid(), '550e8400-e29b-41d4-a716-446655440001', 52, 0, 8.40, true),
(gen_random_uuid(), '550e8400-e29b-41d4-a716-446655440001', 53, 0, 9.30, true),
(gen_random_uuid(), '550e8400-e29b-41d4-a716-446655440001', 54, 0, 10.40, true),
(gen_random_uuid(), '550e8400-e29b-41d4-a716-446655440001', 55, 0, 11.50, true),
(gen_random_uuid(), '550e8400-e29b-41d4-a716-446655440001', 56, 0, 13.00, true),
(gen_random_uuid(), '550e8400-e29b-41d4-a716-446655440001', 57, 0, 14.80, true),
(gen_random_uuid(), '550e8400-e29b-41d4-a716-446655440001', 58, 0, 17.00, true),
(gen_random_uuid(), '550e8400-e29b-41d4-a716-446655440001', 59, 0, 19.50, true),
(gen_random_uuid(), '550e8400-e29b-41d4-a716-446655440001', 60, 0, 22.00, true);

INSERT INTO product_rates (id, product_id, age, gender, rate, is_active) VALUES
(gen_random_uuid(), '550e8400-e29b-41d4-a716-446655440003', 18, 1, 3.50, true),
(gen_random_uuid(), '550e8400-e29b-41d4-a716-446655440003', 25, 1, 4.20, true),
(gen_random_uuid(), '550e8400-e29b-41d4-a716-446655440003', 30, 1, 5.50, true),
(gen_random_uuid(), '550e8400-e29b-41d4-a716-446655440003', 35, 1, 7.20, true),
(gen_random_uuid(), '550e8400-e29b-41d4-a716-446655440003', 40, 1, 9.80, true),
(gen_random_uuid(), '550e8400-e29b-41d4-a716-446655440003', 45, 1, 13.50, true),
(gen_random_uuid(), '550e8400-e29b-41d4-a716-446655440003', 50, 1, 18.00, true),
(gen_random_uuid(), '550e8400-e29b-41d4-a716-446655440003', 55, 1, 25.00, true),
(gen_random_uuid(), '550e8400-e29b-41d4-a716-446655440003', 60, 1, 35.00, true),
(gen_random_uuid(), '550e8400-e29b-41d4-a716-446655440003', 65, 1, 48.00, true);

INSERT INTO product_rates (id, product_id, age, gender, rate, is_active) VALUES
(gen_random_uuid(), '550e8400-e29b-41d4-a716-446655440003', 18, 0, 2.80, true),
(gen_random_uuid(), '550e8400-e29b-41d4-a716-446655440003', 25, 0, 3.35, true),
(gen_random_uuid(), '550e8400-e29b-41d4-a716-446655440003', 30, 0, 4.40, true),
(gen_random_uuid(), '550e8400-e29b-41d4-a716-446655440003', 35, 0, 5.75, true),
(gen_random_uuid(), '550e8400-e29b-41d4-a716-446655440003', 40, 0, 7.85, true),
(gen_random_uuid(), '550e8400-e29b-41d4-a716-446655440003', 45, 0, 10.80, true),
(gen_random_uuid(), '550e8400-e29b-41d4-a716-446655440003', 50, 0, 14.40, true),
(gen_random_uuid(), '550e8400-e29b-41d4-a716-446655440003', 55, 0, 20.00, true),
(gen_random_uuid(), '550e8400-e29b-41d4-a716-446655440003', 60, 0, 28.00, true),
(gen_random_uuid(), '550e8400-e29b-41d4-a716-446655440003', 65, 0, 38.00, true);

INSERT INTO product_rates (id, product_id, age, gender, rate, is_active) VALUES
(gen_random_uuid(), '550e8400-e29b-41d4-a716-446655440005', 18, 1, 0.85, true),
(gen_random_uuid(), '550e8400-e29b-41d4-a716-446655440005', 25, 1, 0.95, true),
(gen_random_uuid(), '550e8400-e29b-41d4-a716-446655440005', 30, 1, 1.20, true),
(gen_random_uuid(), '550e8400-e29b-41d4-a716-446655440005', 35, 1, 1.65, true),
(gen_random_uuid(), '550e8400-e29b-41d4-a716-446655440005', 40, 1, 2.40, true),
(gen_random_uuid(), '550e8400-e29b-41d4-a716-446655440005', 45, 1, 3.60, true),
(gen_random_uuid(), '550e8400-e29b-41d4-a716-446655440005', 50, 1, 5.40, true),
(gen_random_uuid(), '550e8400-e29b-41d4-a716-446655440005', 55, 1, 8.20, true),
(gen_random_uuid(), '550e8400-e29b-41d4-a716-446655440005', 60, 1, 12.50, true),
(gen_random_uuid(), '550e8400-e29b-41d4-a716-446655440005', 65, 1, 19.00, true),
(gen_random_uuid(), '550e8400-e29b-41d4-a716-446655440005', 70, 1, 28.00, true);

INSERT INTO product_rates (id, product_id, age, gender, rate, is_active) VALUES
(gen_random_uuid(), '550e8400-e29b-41d4-a716-446655440005', 18, 0, 0.65, true),
(gen_random_uuid(), '550e8400-e29b-41d4-a716-446655440005', 25, 0, 0.75, true),
(gen_random_uuid(), '550e8400-e29b-41d4-a716-446655440005', 30, 0, 0.95, true),
(gen_random_uuid(), '550e8400-e29b-41d4-a716-446655440005', 35, 0, 1.30, true),
(gen_random_uuid(), '550e8400-e29b-41d4-a716-446655440005', 40, 0, 1.90, true),
(gen_random_uuid(), '550e8400-e29b-41d4-a716-446655440005', 45, 0, 2.85, true),
(gen_random_uuid(), '550e8400-e29b-41d4-a716-446655440005', 50, 0, 4.30, true),
(gen_random_uuid(), '550e8400-e29b-41d4-a716-446655440005', 55, 0, 6.50, true),
(gen_random_uuid(), '550e8400-e29b-41d4-a716-446655440005', 60, 0, 9.80, true),
(gen_random_uuid(), '550e8400-e29b-41d4-a716-446655440005', 65, 0, 15.00, true),
(gen_random_uuid(), '550e8400-e29b-41d4-a716-446655440005', 70, 0, 22.00, true);
